Company Name,Job Role,Location,Tags
BrightEdge,Big Data Engineer Professional Services,Hyderabad,"python, technical, web, seo, content, marketing, engineer, engineering"
PEXA Group,Principal Data Engineer,,"design, security, technical, testing, controller, cloud, leader, strategy, lead, senior, analytics, legal, engineer, engineering, recruitment, digital nomad"
3Pillar,Senior Business Analyst,India,"analyst, system, training, technical, support, software, testing, test, growth, investment, senior, health"
Crypto.com,Compliance Analyst Law Enforcement Requests Bulgaria,"Sofia, Bulgaria","analyst, cryptocurrency, support, manager, financial, legal, recruitment, non tech"
Decentralized Masters,DeFi Analyst and Educator,,"education, teaching, crypto, customer support"
Escorial Future,Crypto Trader,,"other, finance, crypto, education, web3, bitcoin, junior"
Colibri Group,Sales Development Representative,1 Remote,"training, financial, education, lead, senior, marketing, excel, sales"
The Block,HR Operations Intern,Remote within United States,"hr, crypto, cryptocurrency, support, voice, financial, operations, recruiting, recruitment, part-time"
Protective,External Sales Consultant,Work From Home,"consultant, technical, support, growth, travel, financial, microsoft, strategy, marketing, sales, health, healthcare, recruitment"
WEBTOON Entertainment Inc. (Wattpad &amp; WEBTOON Family of Brands),Wattpad Senior Engineer,"Toronto, Ontario","redis, system, security, technical, support, software, testing, happiness, code, cloud, php, mysql, senior, reliability, go, health, engineer, engineering, backend"
The Trevor Project,Community Philanthropy Manager Midlevel Giving,Remote - United States,"manager, support, financial, management, lead, senior, operations, legal, health, non tech"
Jito Foundation,Head of Operations,"Remote, North America","design, defi, crypto, technical, support, financial, banking, leader, management, lead, operations, operational, executive, digital nomad"
3Pillar,Software Engineer React,India Remote,"react, software, design, frontend, technical, growth, code, serverless, cloud, management, excel, health, engineer, engineering, digital nomad"
The Ambr Group,E Commerce Sales Manager,"Manilla, Philippines","manager, management, lead, marketing, sales, e-commerce, non tech"
Future of Life Organizations,AI Offense Defense Dynamics Lead Researcher,Anywhere (Open Globally),"design, system, security, technical, support, management, lead, operational, digital nomad"
Arbitrum Foundation,Developer Relations Engineer,Remote,"developer, web3, cryptocurrency, ethereum, security, technical, support, growth, code, education, finance, content, health, healthcare, engineer, engineering, recruitment, educational, full-time, digital nomad"
Washing State Pharmacy Association,Work from Home Customer Service Assistant,,"sales, admin, customer support, salesforce, virtual assistant, data entry, customer service, customer representative, sales rep"
Cority,Marketing Programs Specialist,Canada,"saas, salesforce, training, technical, support, software, testing, growth, management, content, operations, operational, marketing, sales, health"
Bloom,Director of Finance Poppy &amp; Peonies,Remote,"director, design, founder, architect, ceo, support, growth, accounting, financial, investment, finance, banking, strategy, management, lead, operations, marketing, sales, health, recruitment, digital nomad"
3Pillar,Senior Software Engineer PHP and Laravel,India,"software, design, architect, growth, code, laravel, php, senior, health, engineer, digital nomad"
Endpoint Clinical,Manager Site Reliability &amp; DevOps,Remote India,"manager, design, system, technical, support, software, devops, cloud, microsoft, management, operations, operational, reliability, health, engineer, engineering, linux, digital nomad"
3Pillar,Technical Lead Java &amp; Angular,India,"technical, software, growth, ui, code, java, angular, lead, excel, health, engineering"
Manifest,Senior Staff DevOps Engineer,Remote,"design, security, technical, support, software, growth, ui, devops, cloud, api, senior, engineer, engineering, backend, digital nomad"
The Block,Product Designer,Remote within Europe,"design, crypto, cryptocurrency, system, front-end, designer, testing, web, voice, qa, financial, mobile, lead, content, legal, health, digital nomad"
Ethena Labs,Trading Technology Engineering Manager,Globally Remote,"manager, design, defi, crypto, ethereum, system, security, technical, software, testing, test, growth, financial, investment, finance, leader, strategy, management, lead, junior, engineering, digital nomad"
Brillio,Amazon Connect IVR QA R01553996,"Saint Louis, Missouri, United States","amazon, design, training, technical, software, testing, test, voice, qa, api, management, lead, senior, reliability, engineer, digital nomad"
Cority,Account Executive,United Kingdom,"saas, training, consulting, support, software, growth, finance, microsoft, management, operational, legal, sales, health, executive"
PROCEPT BioRobotics,Strategic Accounts Sales Representative,"Remote, USA","system, training, support, growth, travel, manager, management, marketing, sales, health, healthcare, executive"
Benture,Creative Writers and Generalists,,"content writing, remote, writing, creative"
Aragon,Smart Contract Engineer,Remote - Europe,"design, osx, web3, defi, solidity, ethereum, security, technical, support, developer, software, growth, finance, management, go, engineer, engineering, digital nomad"
CI&amp;T,Job 22929 Developer .Net and React Pleno Brasil,Brazil,"react, developer, software, scrum, devops, postgresql, digital nomad"
CI&amp;T,Job 23428 Senior Developer GenAI,Brazil,"developer, amazon, docker, senior, digital nomad"
CI&amp;T,Job 24033 Software Architect Brazil,Brazil,"architect, software, react, web, java, lead"
CI&amp;T,Job 23962 Mid Senior Observability Engineer Colombia,Colombia,"system, developer, software, code, devops, java, mobile, senior, reliability, golang, engineer, digital nomad"
CI&amp;T,Job 23962 Mid Senior Observability Engineer Brazil,Brazil,"system, support, developer, software, code, devops, java, senior, reliability, golang, health, engineer, digital nomad"
PROCEPT BioRobotics,Robotic Sales Representative Chicago IL,"Chicago, IL","system, ceo, technical, support, growth, travel, manager, management, senior, marketing, sales, health, healthcare, engineering, executive"
Brooks Running,Territory Manager,"US, Remote","manager, support, growth, travel, c, microsoft, management, lead, marketing, sales, health, backend"
Catalant,Senior AI Engineer,"Boston or Remote, US","design, vuejs, python, consulting, software, growth, code, scrum, mysql, lead, senior, health, engineer, engineering, digital nomad"
applike group,Werkstudent in Projektmanagement &amp; Client Service,Hamburg,"game, gaming, mobile, marketing, branding, non tech"
Viseven,IT Service Desk Manager,Kyiv,"manager, jira, back-end, admin, microsoft, management"
Snowplow Analytics,Senior Full Stack Engineer,Poland,"design, react, system, security, python, full-stack, technical, support, code, web, scrum, scala, typescript, api, leader, senior, stats, golang, health, engineer, backend, digital nomad"
Kyivstar,Junior Network Engineer,All,"python, technical, web, mobile, junior, telecom, engineer"
Find,Principal Engineer,,"design, python, full-stack, technical, support, testing, web, cloud, typescript, lead, engineer, engineering, digital nomad"
Livepeer,Lead Site Reliability Engineer,,engineer
Sensor Tower,Web Developer,London,"developer, web, front-end, security, technical, support, testing, bank, typescript, seo, mobile, marketing, analytics, health, engineering, recruitment, full-time, digital nomad"
Benture,Finance Expert,,"finance, accounting, analyst, consulting, project management, work from home"
2100 NVIDIA USA,Senior Cloud Services Software Engineer,"US, CA, Santa Clara","software, training, docker, technical, code, cloud, leader, senior, engineer, backend"
Insider.,Technical Support Specialist,"Taipei, Taiwan","saas, training, technical, support, software, growth, mobile, leader, management, lead, marketing, health, e-commerce"
ActiveCampaign,AI Prompt Engineer,,"system, technical, support, growth, lead, content, operations, marketing, health, engineer"
Coin Market Cap Ltd,Blockchain Developer,Hong Kong,"developer, design, system, front-end, back-end, technical, software, backend, digital nomad"
Heartbeat Health,Virtual Medical Assistant,remote,"assistant, support, video, medical, health, non tech"
PeopleGrove,Customer Success Manager,Remote,"manager, saas, technical, growth, travel, voice, education, admin, microsoft, strategy, sales, health"
Stronghold,Crypto Community Manager,,"crypto, manager, embedded, ceo, voice, financial, fintech, rails, management, lead, content, marketing, analytics, health, non tech"
Housecall Pro,Senior Staff Ruby on Rails Engineer,,"dev, ruby, backend"
Echo Base,Senior DevOps Engineer,,"web3, crypto, cryptocurrency, system, swift, security, technical, devops, finance, lambda, cloud, leader, strategy, senior, operations, operational, engineer, apache"
Powered by Pioneer,BD Manager,,"manager, defi, crypto, engineering"
Sanctuary Computer,Senior Elixir Engineer,,"exec, dev, backend, full stack, saas, senior, ruby, python, pyton, django, react native, javascript, node"
P2P. org,Data Analyst,Delhi,"analyst, defi, crypto, system, consultancy, technical, support, growth, finance, api, health"
Ethena Labs,Senior Staff Security Engineer,Globally Remote,"security, defi, crypto, ethereum, full-stack, technical, software, testing, growth, devops, financial, finance, strategy, senior, engineer, engineering"
GoMining,VIP Support Manager,,"manager, defi, crypto, support, management, sales, non tech"
The Trevor Project,Public Training Associate,Remote - United States,"training, support, travel, financial, education, management, senior, operations, operational, legal, health, educational, non tech"
NTD software,FullStack Engineer,Latin America,"dev, design, react, frontend, technical, support, developer, software, code, web, devops, javascript, cloud, css, mobile, engineer, backend, fullstack, digital nomad"
Find,Cryptocurrency Reporter,,"cryptocurrency, crypto, content"
Bonfire Studios,Character Concept Artist,United States,"3d, support, recruiting"
Coins.ph,Strategy Manager,"Taguig City, Metro Manila, Philippines","manager, web3, crypto, cryptocurrencies, support, growth, financial, finance, mobile, strategy, management, operational"
Aragon,Content &amp; Social Lead,Remote - Anywhere,"web3, full-stack, technical, support, software, growth, manager, seo, strategy, management, lead, content, marketing"
The Biz Conquest,Mobile Developer,,"dev, engineer, mobiledev, react native"
Virta Health,Backend Software Engineer Client Group,,"software, frontend, security, training, full-stack, technical, support, code, cloud, operational, golang, medical, health, engineer, engineering, backend"
Deblock,Senior Backend Engineer,,"golang, crypto, fintech, banking, senior, engineer, backend"
CrowdGen by Appen,Payment QR Code from Eye AI,India,"code, qa, mobile"
Machinify,Automation Engineer UI Quality Assurance,Palo Alto,"ui, design, front-end, frontend, docker, software, testing, test, web, qa, healthcare, recruiting, engineer, digital nomad"
Arbitrum Foundation,Developer Relations Engineer,Europe,"developer, web3, cryptocurrency, ethereum, security, technical, growth, code, education, finance, content, health, healthcare, engineer, engineering, recruitment, educational, full-time, digital nomad"
Koala Health,Customer Experience Associate,Remote,"technical, support, web, voice, medical, health, healthcare"
CoinGecko,Human Resources Associate Mid level,,"cryptocurrency, hr, system, training, technical, support, payroll, financial, education, leader, management, operations, operational"
Prophet Security,Backend Software Engineer,,"golang, infosec, software, security, engineer, backend"
lakeFS,Senior Software Engineer,,"golang, software, senior, engineer"
Tolt,Product Engineer,,"javascript, typescript, react, product, aws, engineer"
Included Health,Connected Care Assistant,Remote,"assistant, training, recruiter, support, management, medical, health, healthcare, full-time, non tech"
GoodLeap,Customer Care Advisor,Remote,"supervisor, support, developer, software, management, sales, reliability, digital nomad"
Monzo,Senior Backend Engineer,,"golang, senior, engineer, backend"
Executive Bootcamp,$2.000+ monthly LinkedIn DM reply Job USA TIMEZONE,,"sales, marketing, other"
InfStones,DevOps Engineer,Texas,"amazon, web3, system, security, support, software, testing, test, code, qa, devops, serverless, cloud, git, node, administrator, management, reliability, engineer, linux, full-time"
Peach Finance,Technical Writer,Remote,"system, training, technical, writer, developer, financial, video, finance, api, management, content, senior, marketing, digital nomad"
FetLife,Senior Full Stack Engineer,,"engineer, ruby, vue, redis, rust, kubernetes, work from home, remote, terraform, google cloud, senior, dev, javascript, backend, front end, full time, full stack, sql, postgres, elasticsearch, typescript"
CloudWalk,Customer Support Engineer I Intern,Remote,"technical, support, voice, fintech, ruby, engineer, engineering"
CoinGecko,Account Executive,,"saas, web3, cryptocurrency, training, technical, support, growth, financial, education, fintech, api, leader, strategy, management, senior, operations, operational, marketing, sales, executive"
,,Remote,
Accompany Health,Medical Record Specialist,United States,"education, lead, go, medical, health, healthcare, full-time, non tech"
CertiK,Blockchain Security Expert AI Track,US / Remote,"security, web3, support, software, sales, engineering, full-time"
Anchorage Digital,Growth Marketing Lead,United States,"growth, crypto, security, testing, financial, finance, bank, leader, management, lead, marketing, analytics, legal, engineering"
Mozilla Corporation,Senior Backend Engineer,,"golang, senior, engineer, backend"
Nomi Health,Data Engineer,"Austin, Texas","technical, testing, nosql, medical, engineer, engineering"
WEP Clinical ,Associate Director Clinical Monitoring,"Remote, US","director, training, support, growth, travel, management, lead, senior"
One Medical,Social Programs Manager,"Houston, TX",manager
CloudWalk,Chargeback Analyst,SÃ£o Paulo,"analyst, teach, support, code, fintech, operations, operational, engineering"
CEF.Ai,Principal Software Engineer,,"other, dev"
